<application>
  <component name="AndroidLogcatFilterHistory">
    <option name="favorites">
      <list>
        <option value="package:mine level:error " />
        <option value="package:mine level:error tag:MTAG " />
        <option value="level:error " />
      </list>
    </option>
    <option name="mostRecentlyUsed" value="package:mine level:error tag:MTAG " />
    <option name="nonFavorites">
      <list>
        <option value="package:mine " />
        <option value="package:mine level:error tag:TAG " />
        <option value="level:debug  " />
        <option value="package:com.demo.example" />
        <option value="package:mine level:error tag: NativeAd.class" />
        <option value="package:mine level:error tag: " />
        <option value="package:mine level:error tag:NativeAd.class " />
        <option value="package:mine level:debug " />
        <option value="package:mine level:debug  " />
        <option value="package:mine level:error" />
        <option value="package:mine level:error   " />
        <option value="package:com.shkcodes.videotimeline" />
        <option value="level:info " />
        <option value="level:error" />
        <option value="level:debug " />
        <option value="package:com.demo.filemanager" />
        <option value="level:warn " />
        <option value="level:error  tag:VivoConfigStore" />
        <option value="level:error tag:MTAG " />
        <option value="package:mine level:error level:MTAG" />
      </list>
    </option>
  </component>
</application>