<application>
  <component name="ExportableFileTemplateSettings">
    <default_templates>
      <template name="Dao.kt" reformat="true" live-template-enabled="true" />
      <template name="Entity.kt" reformat="true" live-template-enabled="true" />
      <template name="Repository.kt" reformat="true" live-template-enabled="true" />
      <template name="RoomDatabase.kt" reformat="true" live-template-enabled="true" />
      <template name="ViewModal.kt" reformat="true" live-template-enabled="true" />
    </default_templates>
  </component>
</application>