<application>
  <component name="ProjectManager">
    <defaultProject>
      <component name="ProjectViewState">
        <option name="showExcludedFiles" value="false" />
        <option name="showLibraryContents" value="true" />
        <option name="showScratchesAndConsoles" value="false" />
      </component>
      <component name="PropertiesComponent">{
  &quot;keyToString&quot;: {
    &quot;settings.editor.selected.configurable&quot;: &quot;configurable.group.appearance&quot;
  }
}</component>
      <component name="WindowStateProjectService">
        <state x="347" y="91" key="SettingsEditor" timestamp="1694666953571">
          <screen x="0" y="0" width="1676" height="902" />
        </state>
        <state x="347" y="91" key="SettingsEditor/0.0.1676.902" timestamp="1694666953571" />
      </component>
      <component name="masterDetails">
        <states>
          <state key="ProjectJDKs.UI">
            <settings>
              <last-edited>1.8</last-edited>
              <splitter-proportions>
                <option name="proportions">
                  <list>
                    <option value="0.2" />
                  </list>
                </option>
              </splitter-proportions>
            </settings>
          </state>
        </states>
      </component>
    </defaultProject>
  </component>
</application>